Degree,Actual,LOMAX,GLM Type-I,GLM Type-II,GLM Type-III,GLM Type-IV,,PowerLaw_Estimated,Pareto_Estimated,Lognormal_Estimated,PowerLaw_Cutoff_Estimated,Exponential_Estimated
1,3207,3628.955151,3161.842073,3163.609741,3141.505647,3148.372617,,,10629.5563,2619.083941,3917.922291,2712.172936
2,2873,2953.343973,2970.993646,2966.538394,3013.203864,2999.622087,,7582.700987,3425.203361,3141.746338,2792.225786,2394.190744
3,2508,2421.961048,2582.501771,2580.148743,2597.050978,2590.460518,,3406.151765,1765.976709,2781.028021,2201.18823,2113.48961
4,2247,2000.337433,2173.873712,2173.839964,2169.031461,2168.770294,,1930.484396,1103.716631,2302.622627,1808.428525,1865.698605
5,1891,1663.065267,1806.449313,1807.689809,1794.083532,1797.037485,,1242.768566,766.5210502,1876.073877,1519.757423,1646.95926
6,1544,1391.212712,1495.538289,1497.21789,1482.280779,1486.324187,,867.1742222,569.0575587,1527.89166,1295.579588,1453.865484
7,1290,1170.530874,1239.310823,1240.95621,1227.990417,1232.00293,,639.6909467,442.36138,1250.723984,1115.434684,1283.410522
8,1027,990.1943444,1030.472855,1031.868442,1021.917044,1025.405064,,491.483181,355.6549123,1031.108506,967.3070729,1132.940143
9,848,841.9061274,860.8268586,861.9052112,854.9592048,857.7659826,,389.5349444,293.3964172,856.5364314,843.4958391,1000.111302
10,668,719.2545037,722.9075462,723.6759199,719.3126544,721.4452191,,316.3971952,246.999066,716.883471,738.7430146,882.8556579
11,559,617.2461509,610.4357544,610.9336402,608.6236862,610.1588952,,262.1403388,211.381571,604.3183747,649.2835871,779.3473701
12,507,531.9639223,518.3180248,518.5947028,517.8354378,518.8720686,,220.7744057,183.3696354,512.8728465,572.3205111,687.9746625
13,454,460.3137083,442.493332,442.5969917,442.9611999,443.5971556,,188.5111549,160.8912415,438.0089258,505.7145808,607.3147282
14,353,399.835582,379.748248,379.7213798,380.8667051,381.1893621,,162.8593021,142.5438318,376.2645535,447.7911006,536.1115739
15,326,348.5617561,327.5457092,327.4237127,329.0857471,329.1689037,,142.1257236,127.3485255,324.9824808,397.2138969,473.2564621
16,254,304.9089285,283.8809205,283.6922474,285.6721209,285.5760707,,125.126998,114.6040688,282.1083373,352.9000959,417.7706467
17,207,267.5960954,247.1653866,246.9323306,249.0836891,248.8566211,,111.0156767,103.7966398,246.0415621,313.9606195,368.7901322
18,247,235.5813747,216.1356578,215.8753409,218.0926813,217.7725056,,99.1719353,94.5422712,215.5254352,279.6574912,325.5522203
19,198,208.0131228,189.7823261,189.5076673,191.7166308,191.3328033,,89.1339187,86.54901932,189.5656725,249.3724682,287.3836334
20,143,184.1918755,167.29505,167.0156272,169.165245,168.7404082,,80.55175184,79.59147185,167.3698199,222.5835166,253.6900307
21,147,163.5405394,148.0200428,147.7428191,149.7994718,149.3508529,,73.15645179,73.49317994,148.3018283,198.8468449,223.9467533
22,169,145.5809141,131.4271613,131.1570786,133.099869,132.6404327,,66.7384662,68.11430761,131.8477568,177.7829616,197.6906549
23,107,129.9150989,117.084363,116.8248172,118.6420654,118.1814471,,61.13257534,63.34279184,117.5896855,159.0657029,174.5128897
24,106,116.2106931,104.637813,104.3910283,106.0776421,105.6228921,,56.20708847,59.08791239,105.1857247,142.4134876,154.0525457
25,108,104.1889568,93.79632791,93.56364944,95.11916477,94.67533714,,51.85599292,55.27554527,94.35458586,127.5822692,135.9910256
26,72,93.61529561,84.31915852,84.10127905,85.52840949,85.09902469,,47.99316806,51.84461193,84.8635884,114.3597998,120.047085
27,86,84.29157801,76.00634967,75.80348398,77.10705466,76.69446173,,44.54806579,48.74439013,76.51927429,102.5609188,105.9724533
28,74,76.04990555,68.69109887,68.50311722,69.68928681,69.29494547,,41.46244747,45.93245457,69.16001623,92.02365294,93.54796792
29,70,68.74754012,62.2336703,62.06020012,63.13589813,62.7605981,,38.68789196,43.37308314,62.65015907,82.60596522,82.58016146
30,68,62.26275671,56.51652527,56.35702802,57.32955233,56.97358329,,36.18387329,41.03601178,56.8753492,74.183026,72.89824909
31,48,56.49143969,51.44040786,51.29423693,52.17097013,51.83425316,,33.91626362,38.89545301,51.73878981,66.64491027,64.35146924
32,53,51.34427899,46.92118439,46.78762824,47.5758417,47.25803059,,31.85615753,36.92931581,47.15822216,59.89464378,56.80673603
33,40,46.74445213,42.88728017,42.76559432,43.47231672,43.1728758,,29.97894086,35.11858073,43.06347965,53.8465374,50.14656692
34,36,42.62570137,39.27759184,39.16702216,39.7989551,39.51721887,,28.26354776,33.44679586,39.39449611,48.42476112,44.26725332
35,47,38.93073323,36.0397799,35.93957944,36.50304722,36.2382657,,26.69186372,31.89966731,36.09967639,43.56211839,39.07724569
36,31,35.60988214,33.1288666,33.03830741,33.53923127,33.29060441,,25.24824253,30.46472458,33.13455731,39.19898904,34.49572803
37,41,32.61999119,30.50608005,30.42446121,30.868351,30.63505448,,23.91911319,29.13104535,30.46070246,35.28241446,30.45135938
38,31,29.92347174,28.13789768,28.06455056,28.45650845,28.23771289,,22.69265786,27.88902787,28.04478638,31.76530375,26.881163
39,21,27.48751123,25.99525182,25.9295432,26.27427557,26.06916058,,21.5585468,26.73020182,25.8578325,28.60574286,23.72954571
40,27,25.28340388,24.05286746,23.99420112,24.2960358,24.10380012,,20.50771885,25.64707023,23.87457675,25.7663919,20.94743221
41,18,23.28598358,22.28870846,22.23652559,22.49943236,22.31930096,,19.53219884,24.63297676,22.07293416,23.21395822,18.49150091
42,21,21.47314235,20.68351277,20.63729158,20.86490444,20.69613327,,18.62494497,23.68199385,20.43355022,20.91873472,16.32350937
43,17,19.82542012,19.22040115,19.17965592,19.37529602,19.21717503,,17.77972059,22.78882794,18.93942228,18.85419458,14.40969878
44,21,18.32565466,17.88454682,17.84882652,18.01552506,17.86737984,,16.99098617,21.94873886,17.57557904,16.99663485,12.72026832
45,22,16.95868203,16.66289549,16.6317822,16.77230276,16.63349521,,16.25380772,21.15747107,16.32880831,15.32486254,11.22891106
46,14,15.71107958,15.5439277,15.5170348,15.6338948,15.50382304,,15.56377905,20.41119473,15.18742526,13.81991769,9.912404393
47,9,14.5709451,14.51745625,14.49442661,14.58991757,14.46801532,,14.91695535,19.706455,14.14107433,12.46482868,8.750248385
48,17,13.52770658,13.57445317,13.55495728,13.63116395,13.51689952,,14.30979639,19.04012834,13.18055965,11.24439593,7.724346563
49,17,12.57195791,12.70690158,12.69063569,12.74945384,12.64232884,,13.73911767,18.40938464,12.29769939,10.14500015,6.818724132
50,14,11.69531679,11.90766841,11.89435278,11.93750568,11.83705358,,13.20204836,17.81165442,11.48520033,9.154432548,6.019279225
51,12,10.89030157,11.1703949,11.15977204,11.18882571,11.09461029,,12.6959949,17.24460017,10.73654968,8.261743918,5.313563312
52,10,10.15022424,10.48940205,10.48123512,10.49761235,10.40922606,,12.21860946,16.70609139,10.04592134,7.457110743,4.690587364
53,10,9.469097349,9.859608926,9.853680141,9.858673346,9.775735723,,11.76776249,16.19418275,9.408094795,6.731716035,4.140650732
54,7,8.841552869,9.276461757,9.27257095,9.267353945,9.189509975,,11.34151881,15.70709484,8.818384463,6.077643314,3.655190098
55,9,8.262771296,8.735872384,8.733835638,8.719474372,8.64639294,,10.93811666,15.24319729,8.272578264,5.487782177,3.226646128
56,9,7.728419659,8.234164662,8.233813035,8.211275396,8.142647765,,10.55594939,14.80099389,7.766883962,4.955744119,2.848345765
57,7,7.234597173,7.768027698,7.769206039,7.739370782,7.674909138,,10.19354934,14.37910934,7.297882237,4.475787451,2.514398318
58,7,6.777787538,7.33447497,7.337040815,7.300705692,7.240141758,,9.849573636,13.97627765,6.86248558,4.042750274,2.219603736
59,8,6.354817002,6.930808517,6.93463108,6.892520222,6.835603946,,9.522791674,13.5913317,6.457902188,3.651990627,1.959371635
60,9,5.962817419,6.554587521,6.55954675,6.512317385,6.458815698,,9.212074018,13.22319404,6.081604217,3.299332988,1.729649821
61,1,5.599193678,6.203600678,6.209586386,6.157834942,6.107530589,,8.916382586,12.87086861,5.731299808,2.98102044,1.526861189
62,3,5.261594925,5.87584186,5.882752931,5.82702057,5.77971102,,8.634761912,12.53343344,5.40490839,2.693671875,1.347848022
63,8,4.947889104,5.569488647,5.577232299,5.518009953,5.473506365,,8.366331375,12.21003402,5.100538851,2.434243692,1.189822823
64,8,4.656140408,5.282883351,5.291374457,5.22910739,5.187233665,,8.110278267,11.89987739,4.816470199,2.199995489,1.050324908
65,3,4.38458927,5.014516212,5.023676682,4.958768638,4.919360516,,7.865851597,11.60222684,4.551134413,1.988459329,0.927182091
66,3,4.131634591,4.763010504,4.772768709,4.705585676,4.668489911,,7.632356547,11.31639716,4.303101207,1.797412198,0.818476857
67,6,3.89581793,4.527109301,4.537399552,4.468273177,4.433346758,,7.409149504,11.04175028,4.071064471,1.624851302,0.722516507
68,2,3.675809416,4.305663709,4.316425772,4.245656464,4.212765895,,7.195633589,10.77769141,3.853830193,1.468971906,0.637806797
69,1,3.470395197,4.097622381,4.108801037,4.036660786,4.005681418,,6.991254642,10.52366551,3.650305676,1.328147461,0.563028674
70,1,3.278466216,3.902022163,3.9135668,3.840301734,3.811117142,,6.795497604,10.27915414,3.459489914,1.200911749,0.497017731
71,3,3.099008186,3.717979739,3.729843977,3.655676689,3.628178096,,6.607883247,10.04367253,3.280464965,1.08594286,0.438746083
72,4,2.931092616,3.544684152,3.556825503,3.481957163,3.456042906,,6.427965221,9.816766956,3.112388236,0.982048799,0.387306354
73,5,2.773868763,3.381390108,3.393769662,3.318381937,3.293956966,,6.255327385,9.598012391,2.954485551,0.888154547,0.341897552
74,6,2.626556415,3.227411965,3.239994101,3.164250901,3.141226323,,6.089581383,9.387010297,2.806044932,0.803290442,0.301812596
75,5,2.488439408,3.082118339,3.094870459,3.018919528,2.997212178,,5.930364444,9.183386658,2.666411002,0.726581722,0.266427304
76,8,2.358859796,2.944927251,2.957819538,2.881793892,2.861325937,,5.777337385,8.986790164,2.534979943,0.657239133,0.235190676
77,2,2.2372126,2.815301752,2.828306945,2.752326194,2.733024765,,5.630182794,8.796890559,2.41119496,0.594550473,0.207616311
78,1,2.122941085,2.692745985,2.705839177,2.630010715,2.611807568,,5.48860337,8.613377129,2.294542174,0.537872984,0.183274836
79,2,2.015532484,2.576801632,2.589960078,2.514380176,2.497211373,,5.352320414,8.435957309,2.184546925,0.486626514,0.161787219
80,3,1.914514154,2.467044694,2.48024764,2.405002437,2.388808057,,5.221072451,8.264355413,2.080770415,0.440287351,0.142818866
81,2,1.819450087,2.363082585,2.376311108,2.301477515,2.286201379,,5.09461396,8.098311465,1.982806679,0.398382678,0.126074411
82,1,1.729937764,2.264551503,2.277788365,2.203434889,2.189024308,,4.972714227,7.937580122,1.890279834,0.360485582,0.11129312
83,4,1.645605298,2.171114038,2.184343551,2.110531044,2.096936585,,4.85515628,7.781929686,1.802841584,0.326210549,0.098244826
84,3,1.566108848,2.082457004,2.095664909,2.022447254,2.009622524,,4.741735919,7.631141193,1.720168952,0.295209421,0.086726348
85,1,1.491130272,1.998289476,2.011462824,1.93888756,1.926789001,,4.632260825,7.48500757,1.641962224,0.267167735,0.076558326
86,2,1.420374994,1.918340993,1.931468047,1.859576936,1.84816364,,4.526549737,7.343332859,1.567943071,0.241801441,0.067582429
87,1,1.35357007,1.842359934,1.855430065,1.784259614,1.773493148,,4.424431701,7.205931503,1.497852843,0.218853932,0.05965889
88,2,1.290462419,1.770112025,1.783115631,1.712697566,1.702541809,,4.325745367,7.072627679,1.43145101,0.198093371,0.052664327
89,2,1.230817223,1.701378994,1.714307412,1.64466911,1.635090102,,4.230338356,6.943254686,1.368513746,0.179310285,0.046489824
90,3,1.174416463,1.635957323,1.64880276,1.579967643,1.570933449,,4.138066663,6.817654375,1.308832628,0.162315385,0.041039237
91,2,1.121057582,1.573657128,1.586412586,1.518400485,1.509881058,,4.048794113,6.695676624,1.25221345,0.146937611,0.03622769
92,3,1.070552271,1.514301117,1.526960332,1.459787817,1.451754883,,3.96239185,6.577178842,1.19847514,0.133022362,0.031980262
93,2,1.022725354,1.457723649,1.470281034,1.40396171,1.39638865,,3.878737877,6.462025522,1.147448765,0.120429901,0.028230813
94,4,0.977413772,1.403769864,1.41622045,1.35076524,1.343626988,,3.797716616,6.350087812,1.098976624,0.109033916,0.024920959
95,0,0.934465649,1.352294887,1.364634279,1.300051668,1.293324613,,3.719218511,6.241243126,1.052911407,0.098720224,0.021999161
96,2,0.893739445,1.303163104,1.315387429,1.251683699,1.245345593,,3.643139652,6.135374774,1.009115436,0.089385593,0.019419923
97,2,0.855103172,1.256247483,1.268353352,1.20553279,1.199562661,,3.569381429,6.032371622,0.967459955,0.080936692,0.01714308
98,2,0.818433677,1.211428964,1.223413432,1.161478523,1.155856598,,3.497850214,5.932127775,0.927824488,0.073289128,0.015133181
99,1,0.783615988,1.168595893,1.180456421,1.119408021,1.114115652,,3.428457059,5.834542276,0.89009624,0.066366593,0.013358928
100,0,0.750542708,1.127643493,1.139377917,1.079215418,1.07423501,,3.361117416,5.739518835,0.854169555,0.060100077,0.011792692
101,2,0.719113458,1.088473392,1.10007989,1.040801363,1.036116314,,3.295750885,5.646965563,0.819945402,0.054427171,0.010410087
102,2,0.689234376,1.050993174,1.062470238,1.004072568,0.999667206,,3.232280963,5.556794733,0.787330921,0.049291431,0.009189581
103,1,0.660817636,1.015115971,1.026462384,0.968941393,0.964800918,,3.170634826,5.468922552,0.756238984,0.044641803,0.008112171
104,1,0.633781025,0.980760085,0.991974894,0.935325452,0.931435887,,3.110743117,5.383268951,0.726587807,0.040432108,0.007161079
105,0,0.608047541,0.947848642,0.958931135,0.903147263,0.899495403,,3.052539748,5.299757383,0.698300579,0.036620572,0.006321495
106,1,0.583545025,0.916309266,0.927258951,0.872333917,0.868907282,,2.995961717,5.218314635,0.671305125,0.033169405,0.005580347
107,0,0.560205825,0.886073779,0.896890371,0.842816769,0.839603564,,2.940948938,5.138870658,0.645533594,0.030044418,0.004926092
108,0,0.53796648,0.85707793,0.867761326,0.81453116,0.811520232,,2.887444081,5.061358398,0.62092217,0.027214678,0.004348545
109,0,0.516767435,0.829261135,0.8398114,0.787416154,0.784596954,,2.835392417,4.985713644,0.597410803,0.024652199,0.00383871
110,1,0.496552772,0.802566239,0.812983592,0.761414293,0.758776843,,2.784741685,4.911874883,0.574942961,0.022331658,0.00338865
111,1,0.477269961,0.776939297,0.787224099,0.736471377,0.734006234,,2.73544195,4.83978316,0.5534654,0.020230137,0.002991356
112,0,0.458869636,0.752329369,0.762482107,0.712536251,0.71023448,,2.68744549,4.769381955,0.53292795,0.018326902,0.002640641
113,0,0.441305379,0.728688333,0.738709608,0.689560613,0.687413753,,2.640706672,4.700617057,0.513283316,0.016603186,0.002331046
114,0,0.424533529,0.705970702,0.715861221,0.667498833,0.665498874,,2.595181844,4.633436453,0.494486896,0.015042006,0.002057748
115,0,0.408512993,0.684133465,0.693894029,0.646307788,0.644447144,,2.550829237,4.567790222,0.476496608,0.013627989,0.001816492
116,0,0.393205087,0.663135934,0.672767429,0.625946704,0.624218187,,2.507608864,4.503630428,0.459272733,0.012347223,0.001603522
117,0,0.37857337,0.6429396,0.652442988,0.606377012,0.604773812,,2.46548243,4.440911032,0.442777764,0.011187117,0.001415521
118,0,0.364583506,0.623507998,0.632884311,0.587562211,0.586077874,,2.424413248,4.379587795,0.426976271,0.010136269,0.001249561
119,1,0.351203125,0.604806592,0.614056922,0.569467748,0.568096155,,2.384366159,4.319618198,0.411834769,0.009184364,0.00110306
120,1,0.3384017,0.586802648,0.595928143,0.552060893,0.550796243,,2.345307453,4.260961359,0.397321605,0.008322058,0.000973734
121,0,0.326150428,0.569465139,0.578466994,0.535310635,0.534147428,,2.307204804,4.203577958,0.38340684,0.007540897,0.000859571
122,1,0.314422124,0.552764634,0.561644088,0.519187579,0.518120597,,2.270027194,4.147430164,0.370062149,0.006833224,0.000758793
123,0,0.30319112,0.53667321,0.545431539,0.50366385,0.502688141,,2.233744858,4.092481567,0.357260722,0.006192108,0.00066983
124,2,0.292433168,0.521164365,0.529802877,0.488713002,0.487823871,,2.198329218,4.038697114,0.344977173,0.005611274,0.000591297
125,1,0.282125355,0.506212931,0.514732963,0.474309941,0.47350293,,2.163752829,3.98604305,0.33318746,0.00508504,0.000521972
126,0,0.272246021,0.491795003,0.500197915,0.46043084,0.459701717,,2.129989326,3.934486857,0.321868799,0.00460826,0.000460775
127,0,0.262774683,0.477887865,0.486175038,0.447053071,0.446397819,,2.097013373,3.8839972,0.310999597,0.004176276,0.000406752
128,1,0.253691961,0.464469921,0.472642753,0.434155133,0.433569937,,2.064800612,3.834543876,0.300559377,0.003784868,0.000359064
129,0,0.244979516,0.451520635,0.459580538,0.421716593,0.421197831,,2.033327623,3.786097766,0.290528717,0.003430218,0.000316966
130,1,0.236619986,0.439020471,0.446968866,0.409718022,0.409262254,,2.002571879,3.738630782,0.280889189,0.003108865,0.000279804
131,0,0.228596928,0.426950837,0.434789154,0.398140941,0.397744897,,1.972511704,3.692115832,0.271623301,0.002817675,0.000246999
132,1,0.220894763,0.415294035,0.423023709,0.386967768,0.386628343,,1.943126234,3.64652677,0.262714445,0.002553812,0.00021804
133,0,0.213498727,0.404033209,0.411655679,0.376181769,0.37589601,,1.914395387,3.601838359,0.254146847,0.002314705,0.000192477
134,0,0.206394822,0.393152303,0.400669008,0.36576701,0.365532113,,1.886299819,3.558026234,0.24590552,0.002098026,0.00016991
135,0,0.199569775,0.382636015,0.390048395,0.355708317,0.355521615,,1.858820899,3.515066863,0.237976219,0.001901668,0.00014999
136,0,0.193010992,0.37246976,0.37977925,0.34599123,0.345850189,,1.831940674,3.472937514,0.230345404,0.001723721,0.000132404
137,0,0.186706522,0.362639627,0.36984766,0.336601971,0.336504181,,1.80564184,3.431616223,0.223000196,0.001562454,0.000116881
138,0,0.180645019,0.353132349,0.360240352,0.327527402,0.327470571,,1.779907716,3.39108176,0.215928344,0.001416302,0.000103178
139,1,0.17481571,0.343935265,0.350944658,0.318754996,0.318736943,,1.754722213,3.351313604,0.209118192,0.001283844,0.0000911
140,0,0.16920836,0.335036291,0.341948486,0.310272799,0.310291453,,1.730069814,3.312291908,0.202558643,0.001163796,0.0000804
141,0,0.163813244,0.32642389,0.333240289,0.302069407,0.302122795,,1.705935547,3.27399748,0.196239132,0.001054991,0.000071
142,1,0.158621118,0.318087041,0.324809038,0.294133933,0.294220179,,1.682304962,3.236411749,0.190149597,0.000956376,0.0000627
143,0,0.153623194,0.310015216,0.316644193,0.286455981,0.2865733,,1.65916411,3.199516748,0.184280451,0.000866994,0.0000553
144,0,0.148811112,0.302198354,0.308735682,0.279025622,0.279172317,,1.636499524,3.163295082,0.17862256,0.000785979,0.0000488
145,0,0.14417692,0.294626838,0.301073874,0.27183337,0.272007824,,1.614298194,3.127729917,0.173167214,0.000712546,0.0000431
146,0,0.139713049,0.28729147,0.29364956,0.264870159,0.265070834,,1.592547554,3.092804946,0.167906112,0.000645985,0.000038
147,0,0.135412295,0.280183454,0.28645393,0.258127321,0.258352753,,1.571235461,3.05850438,0.162831333,0.000585651,0.0000336
148,1,0.131267797,0.273294374,0.279478552,0.25159657,0.251845366,,1.550350179,3.024812919,0.157935325,0.000530961,0.0000296
149,0,0.127273021,0.266616174,0.272715359,0.245269978,0.245540812,,1.529880364,2.991715742,0.153210877,0.000481386,0.0000262
150,0,0.123421742,0.260141145,0.266156624,0.23913996,0.239431569,,1.509815043,2.95919848,0.148651108,0.000436446,0.0000231
151,0,0.119708025,0.253861903,0.25979495,0.233199258,0.23351044,,1.490143608,2.927247209,0.144249448,0.000395708,0.0000204
152,0,0.116126215,0.247771377,0.253623248,0.227440923,0.227770535,,1.470855793,2.895848426,0.139999624,0.000358778,0.000018
153,0,0.112670919,0.24186279,0.247634728,0.221858302,0.222205254,,1.451941666,2.864989035,0.135895641,0.000325299,0.0000159
154,0,0.109336992,0.23612965,0.241822882,0.216445022,0.216808276,,1.433391617,2.834656336,0.131931774,0.000294949,0.000014
155,0,0.106119526,0.230565733,0.236181468,0.211194977,0.211573546,,1.41519634,2.804838006,0.128102549,0.000267434,0.0000124
156,0,0.103013839,0.225165072,0.230704504,0.206102316,0.206495261,,1.397346826,2.775522088,0.124402733,0.00024249,0.0000109
157,0,0.100015458,0.219921943,0.225386251,0.201161433,0.201567856,,1.379834352,2.746696977,0.120827325,0.000219876,0.00000965
158,1,0.097120116,0.214830856,0.220221201,0.196366948,0.196785999,,1.362650467,2.718351408,0.117371539,0.000199373,0.00000852
159,0,0.094323736,0.209886543,0.215204071,0.191713707,0.192144572,,1.345786984,2.690474442,0.114030799,0.000180785,0.00000752
160,0,0.091622422,0.205083949,0.210329788,0.187196761,0.187638668,,1.329235969,2.66305546,0.110800724,0.000163932,0.00000664
161,0,0.089012455,0.200418219,0.205593481,0.182811366,0.183263579,,1.312989734,2.636084143,0.107677123,0.000148652,0.00000586
162,0,0.086490276,0.195884692,0.200990475,0.178552967,0.179014784,,1.297040826,2.609550471,0.104655982,0.000134798,0.00000517
163,0,0.084052486,0.191478893,0.196516276,0.17441719,0.174887945,,1.281382017,2.583444706,0.101733459,0.000122237,0.00000457
164,0,0.081695834,0.18719652,0.192166567,0.170399839,0.170878896,,1.2660063,2.557757384,0.098905874,0.000110848,0.00000403
165,0,0.079417209,0.183033442,0.187937201,0.16649688,0.166983634,,1.250906876,2.532479308,0.096169702,0.000100521,0.00000356
166,1,0.077213637,0.178985687,0.18382419,0.162704442,0.163198317,,1.236077151,2.507601537,0.093521565,0.0000912,0.00000314
167,0,0.07508227,0.175049437,0.179823699,0.159018803,0.15951925,,1.221510727,2.483115377,0.090958226,0.0000827,0.00000277
168,0,0.073020385,0.171221021,0.175932043,0.155436386,0.155942884,,1.207201394,2.459012373,0.088476581,0.000075,0.00000245
169,0,0.071025371,0.167496908,0.172145674,0.151953754,0.152465806,,1.193143123,2.435284303,0.086073655,0.000068,0.00000216
170,0,0.069094733,0.163873702,0.168461181,0.148567602,0.149084734,,1.179330064,2.411923166,0.083746597,0.0000617,0.00000191
171,0,0.067226076,0.160348134,0.164875281,0.145274751,0.145796514,,1.165756534,2.388921181,0.081492668,0.0000559,0.00000168
172,0,0.065417109,0.15691706,0.161384812,0.142072144,0.14259811,,1.152417015,2.366270772,0.079309243,0.0000507,0.00000149
173,0,0.063665637,0.153577453,0.157986733,0.13895684,0.1394866,,1.139306147,2.343964569,0.077193803,0.000046,0.00000131
174,0,0.061969553,0.150326396,0.154678114,0.135926008,0.136459175,,1.126418722,2.321995397,0.075143931,0.0000417,0.00000116
175,0,0.060326842,0.147161085,0.151456133,0.132976924,0.13351313,,1.113749682,2.30035627,0.073157305,0.0000378,0.00000102
176,0,0.058735567,0.144078815,0.148318073,0.130106967,0.130645859,,1.101294109,2.279040387,0.071231696,0.0000343,0.000000903
177,0,0.057193875,0.141076982,0.145261315,0.127313609,0.127854856,,1.089047224,2.258041121,0.069364966,0.0000311,0.000000797
178,0,0.055699984,0.138153077,0.142283335,0.124594421,0.125137704,,1.077004381,2.237352023,0.067555057,0.0000282,0.000000703
179,0,0.054252188,0.13530468,0.139381701,0.121947059,0.122492076,,1.065161063,2.216966805,0.065799995,0.0000256,0.000000621
180,0,0.052848849,0.132529461,0.136554067,0.119369267,0.119915732,,1.053512876,2.196879345,0.064097883,0.0000232,0.000000548
181,0,0.051488393,0.129825173,0.133798172,0.11685887,0.117406511,,1.042055548,2.177083675,0.062446897,0.0000211,0.000000484
182,1,0.050169311,0.127189646,0.131111836,0.114413772,0.114962329,,1.030784923,2.157573979,0.060845284,0.0000191,0.000000427
183,0,0.048890154,0.124620792,0.128492954,0.112031952,0.112581181,,1.019696959,2.138344588,0.059291359,0.0000173,0.000000377
184,0,0.047649529,0.122116593,0.125939497,0.109711463,0.110261129,,1.008787719,2.119389976,0.057783502,0.0000157,0.000000333
185,0,0.046446099,0.119675104,0.123449506,0.107450425,0.108000307,,0.998053377,2.100704756,0.056320153,0.0000143,0.000000294
186,0,0.045278579,0.117294446,0.121021091,0.105247027,0.105796914,,0.987490204,2.082283673,0.054899814,0.0000129,0.000000259
187,0,0.044145734,0.114972809,0.118652427,0.10309952,0.103649214,,0.977094573,2.064121603,0.053521042,0.0000117,0.000000229
188,0,0.043046379,0.112708441,0.116341752,0.101006218,0.101555529,,0.966862953,2.046213549,0.052182449,0.0000106,0.000000202
189,0,0.041979371,0.110499654,0.114087365,0.098965493,0.099514241,,0.956791902,2.028554634,0.050882699,0.00000965,0.000000178
190,1,0.040943615,0.108344815,0.111887622,0.096975774,0.097523789,,0.946878073,2.011140101,0.049620508,0.00000875,0.000000158
191,0,0.039938056,0.106242351,0.109740935,0.095035544,0.095582665,,0.937118202,1.99396531,0.048394635,0.00000794,0.000000139
192,0,0.038961679,0.104190737,0.107645772,0.093143338,0.093689413,,0.927509111,1.977025729,0.047203891,0.0000072,0.000000123
193,0,0.038013508,0.102188504,0.105600649,0.091297742,0.091842626,,0.918047703,1.960316939,0.046047126,0.00000653,0.000000108
194,0,0.037092605,0.100234229,0.103604135,0.089497389,0.090040947,,0.90873096,1.943834622,0.044923235,0.00000593,9.57E-08
195,0,0.036198065,0.09832654,0.101654844,0.087740961,0.088283063,,0.899555943,1.927574566,0.043831152,0.00000538,8.44E-08
196,0,0.03532902,0.096464107,0.099751437,0.086027182,0.086567705,,0.890519785,1.911532657,0.042769851,0.00000488,7.45E-08
197,0,0.034484631,0.094645648,0.097892621,0.084354819,0.084893649,,0.881619692,1.895704876,0.041738343,0.00000442,6.58E-08
198,0,0.033664093,0.092869919,0.096077141,0.082722682,0.08325971,,0.87285294,1.880087301,0.040735674,0.00000401,5.81E-08
199,0,0.032866629,0.09113572,0.094303788,0.081129619,0.081664742,,0.864216873,1.864676099,0.039760925,0.00000364,5.13E-08
200,0,0.032091491,0.08944189,0.09257139,0.079574516,0.080107639,,0.8557089,1.849467527,0.038813209,0.0000033,4.53E-08
201,1,0.031337959,0.087787304,0.090878812,0.078056298,0.078587329,,0.847326496,1.834457927,0.037891673,0.000003,0.00000004
202,0,0.030605338,0.086170875,0.089224958,0.076573923,0.077102776,,0.839067196,1.819643726,0.036995491,0.00000272,3.53E-08
203,0,0.029892961,0.08459155,0.087608765,0.075126385,0.07565298,,0.830928596,1.80502143,0.036123869,0.00000247,3.11E-08
204,0,0.029200182,0.083048311,0.086029204,0.073712707,0.074236969,,0.82290835,1.790587627,0.03527604,0.00000224,2.75E-08
205,0,0.02852638,0.081540171,0.084485281,0.072331949,0.072853807,,0.815004171,1.776338982,0.034451264,0.00000203,2.43E-08
206,0,0.027870955,0.080066175,0.082976032,0.070983198,0.071502585,,0.807213823,1.762272232,0.033648826,0.00000184,2.14E-08
207,0,0.02723333,0.078625399,0.081500522,0.06966557,0.070182425,,0.799535128,1.74838419,0.032868037,0.00000167,1.89E-08
208,0,0.026612948,0.077216947,0.080057848,0.068378211,0.068892475,,0.791965957,1.734671739,0.032108232,0.00000152,1.67E-08
209,0,0.026009272,0.075839951,0.078647133,0.067120293,0.067631912,,0.784504233,1.721131829,0.031368768,0.00000138,1.47E-08
210,0,0.025421782,0.074493571,0.077267528,0.065891015,0.066399939,,0.777147927,1.70776148,0.030649025,0.00000125,0.000000013
211,0,0.024849978,0.073176993,0.075918211,0.064689601,0.065195783,,0.769895058,1.694557777,0.029948403,0.00000113,1.15E-08
212,0,0.024293378,0.071889427,0.074598384,0.063515298,0.064018695,,0.762743692,1.681517866,0.029266325,0.00000103,1.01E-08
213,0,0.023751515,0.070630108,0.073307275,0.062367378,0.06286795,,0.755691939,1.668638958,0.028602231,0.000000932,0.000000009
214,0,0.02322394,0.069398296,0.072044134,0.061245137,0.061742846,,0.748737955,1.655918324,0.027955581,0.000000845,7.90E-09
215,0,0.022710219,0.068193271,0.070808234,0.060147889,0.060642702,,0.741879937,1.643353291,0.027325854,0.000000767,0.000000007
216,0,0.022209932,0.067014337,0.069598871,0.059074973,0.059566858,,0.735116122,1.630941246,0.026712544,0.000000696,6.15E-09
217,0,0.021722673,0.065860817,0.068415362,0.058025746,0.058514674,,0.728444789,1.618679631,0.026115166,0.000000631,5.43E-09
218,0,0.021248053,0.064732056,0.067257044,0.056999586,0.057485531,,0.721864257,1.606565942,0.025533247,0.000000573,4.80E-09
219,0,0.020785693,0.063627418,0.066123274,0.055995888,0.056478827,,0.715372882,1.594597728,0.024966332,0.00000052,4.23E-09
220,0,0.020335227,0.062546287,0.065013427,0.055014067,0.055493979,,0.708969057,1.58277259,0.02441398,0.000000472,3.74E-09
221,0,0.019896304,0.061488063,0.063926899,0.054053557,0.054530422,,0.702651211,1.571088179,0.023875767,0.000000428,3.30E-09
222,0,0.019468581,0.060452166,0.062863102,0.053113805,0.053587606,,0.696417808,1.559542194,0.023351279,0.000000388,2.91E-09
223,0,0.019051731,0.059438033,0.061821465,0.052194278,0.052665001,,0.690267347,1.548132382,0.022840119,0.000000352,2.57E-09
224,0,0.018645433,0.058445116,0.060801435,0.051294458,0.051762089,,0.68419836,1.536856539,0.022341901,0.00000032,2.27E-09
225,0,0.01824938,0.057472884,0.059802474,0.050413842,0.050878369,,0.678209412,1.525712503,0.021856253,0.00000029,0.000000002
226,0,0.017863274,0.056520822,0.05882406,0.049551941,0.050013356,,0.672299097,1.514698158,0.021382812,0.000000263,1.77E-09
227,0,0.017486827,0.055588428,0.057865687,0.048708282,0.049166577,,0.666466042,1.50381143,0.020921231,0.000000239,1.56E-09
228,0,0.01711976,0.054675217,0.056926861,0.047882406,0.048337574,,0.660708903,1.49305029,0.02047117,0.000000217,1.38E-09
229,0,0.016761804,0.053780716,0.056007105,0.047073867,0.047525903,,0.655026367,1.482412746,0.020032304,0.000000197,1.22E-09
230,0,0.016412698,0.052904466,0.055105954,0.04628223,0.046731131,,0.649417147,1.471896849,0.019604315,0.000000178,1.07E-09
231,0,0.01607219,0.052046022,0.054222957,0.045507075,0.04595284,,0.643879983,1.461500687,0.019186896,0.000000162,9.48E-10
232,0,0.015740036,0.051204951,0.053357674,0.044747994,0.045190621,,0.638413646,1.451222388,0.018779751,0.000000147,8.37E-10
233,0,0.015415999,0.050380833,0.05250968,0.044004589,0.044444079,,0.633016928,1.441060117,0.018382592,0.000000133,7.39E-10
234,0,0.015099851,0.049573257,0.05167856,0.043276475,0.04371283,,0.627688652,1.431012073,0.01799514,0.000000121,6.52E-10
235,0,0.014791369,0.048781827,0.050863911,0.042563278,0.0429965,,0.62242766,1.421076493,0.017617125,0.00000011,5.76E-10
236,0,0.01449034,0.048006156,0.050065342,0.041864634,0.042294727,,0.617232824,1.411251647,0.017248287,9.96E-08,5.08E-10
237,0,0.014196557,0.047245869,0.049282472,0.041180188,0.041607157,,0.612103036,1.40153584,0.016888371,9.04E-08,4.49E-10
238,0,0.013909817,0.046500601,0.04851493,0.040509598,0.040933449,,0.607037211,1.39192741,0.016537133,0.000000082,3.96E-10
239,0,0.013629926,0.045769997,0.047762357,0.03985253,0.040273269,,0.60203429,1.382424726,0.016194334,7.44E-08,3.50E-10
240,0,0.013356696,0.04505371,0.047024402,0.039208658,0.039626293,,0.597093232,1.373026188,0.015859744,6.75E-08,3.09E-10
241,0,0.013089943,0.044351406,0.046300725,0.038577667,0.038992206,,0.59221302,1.36373023,0.015533139,6.13E-08,2.72E-10
242,0,0.012829492,0.043662758,0.045590994,0.03795925,0.038370703,,0.587392656,1.354535311,0.015214303,5.56E-08,2.40E-10
243,0,0.012575169,0.042987448,0.044894887,0.037353109,0.037761485,,0.582631163,1.345439924,0.014903025,5.05E-08,2.12E-10
244,0,0.012326808,0.042325166,0.04421209,0.036758953,0.037164263,,0.577927586,1.336442589,0.014599102,4.58E-08,1.87E-10
245,0,0.012084249,0.041675613,0.043542298,0.0361765,0.036578755,,0.573280986,1.327541852,0.014302337,4.15E-08,1.65E-10
246,0,0.011847335,0.041038494,0.042885213,0.035605477,0.036004688,,0.568690444,1.318736288,0.014012538,3.77E-08,1.46E-10
247,0,0.011615915,0.040413525,0.042240546,0.035045614,0.035441794,,0.564155061,1.3100245,0.013729518,3.42E-08,1.29E-10
248,0,0.011389841,0.03980043,0.041608016,0.034496654,0.034889815,,0.559673955,1.301405114,0.013453099,0.000000031,1.14E-10
249,0,0.011168972,0.039198936,0.040987348,0.033958342,0.034348499,,0.555246261,1.292876785,0.013183104,2.82E-08,1.00E-10
250,0,0.010953168,0.038608783,0.040378275,0.033430434,0.033817599,,0.550871132,1.28443819,0.012919364,2.56E-08,8.87E-11
251,0,0.010742297,0.038029714,0.039780538,0.032912688,0.033296877,,0.546547736,1.276088032,0.012661715,2.32E-08,7.83E-11
252,0,0.010536227,0.03746148,0.039193884,0.032404873,0.0327861,,0.542275261,1.267825037,0.012409996,2.11E-08,6.91E-11
253,1,0.010334833,0.036903837,0.038618065,0.031906762,0.032285041,,0.538052908,1.259647955,0.012164053,1.91E-08,6.10E-11
254,0,0.010137993,0.036356551,0.038052841,0.031418133,0.031793481,,0.533879893,1.251555558,0.011923735,1.73E-08,5.38E-11
255,0,0.009945587,0.03581939,0.03749798,0.030938772,0.031311204,,0.529755451,1.243546641,0.011688896,1.57E-08,4.75E-11
256,0,0.009757501,0.03529213,0.036953252,0.030468469,0.030838001,,0.525678827,1.235620021,0.011459394,1.43E-08,4.20E-11
257,0,0.009573622,0.034774554,0.036418435,0.03000702,0.030373669,,0.521649285,1.227774535,0.011235091,0.000000013,3.70E-11
258,0,0.009393842,0.034266447,0.035893314,0.029554227,0.029918009,,0.5176661,1.220009041,0.011015853,1.18E-08,3.27E-11
259,0,0.009218056,0.033767602,0.035377677,0.029109897,0.029470829,,0.513728563,1.21232242,0.010801551,1.07E-08,2.89E-11
260,0,0.009046161,0.033277818,0.034871318,0.02867384,0.02903194,,0.509835977,1.20471357,0.010592058,9.69E-09,2.55E-11
261,0,0.008878058,0.032796897,0.034374038,0.028245874,0.028601159,,0.505987659,1.19718141,0.010387251,8.79E-09,2.25E-11
262,0,0.008713651,0.032324648,0.033885641,0.027825819,0.028178307,,0.502182939,1.189724877,0.010187013,0.000000008,1.99E-11
263,0,0.008552845,0.031860883,0.033405936,0.027413502,0.02776321,,0.498421159,1.182342927,0.009991226,7.24E-09,1.75E-11
264,0,0.00839555,0.031405419,0.032934738,0.027008752,0.027355699,,0.494701674,1.175034536,0.009799779,6.57E-09,1.55E-11
265,0,0.008241677,0.030958079,0.032471866,0.026611404,0.026955608,,0.491023852,1.167798695,0.009612563,0.000000006,1.37E-11
266,0,0.00809114,0.03051869,0.032017143,0.026221297,0.026562776,,0.487387071,1.160634415,0.00942947,5.41E-09,1.21E-11
267,0,0.007943857,0.030087081,0.031570396,0.025838274,0.026177046,,0.48379072,1.153540723,0.009250399,4.91E-09,1.06E-11
268,0,0.007799745,0.029663089,0.031131459,0.025462181,0.025798265,,0.480234203,1.146516663,0.009075248,4.46E-09,9.40E-12
269,0,0.007658726,0.029246552,0.030700167,0.025092869,0.025426283,,0.476716931,1.139561296,0.008903921,4.05E-09,8.29E-12
270,0,0.007520723,0.028837313,0.030276361,0.024730193,0.025060956,,0.473238328,1.132673697,0.008736323,3.67E-09,7.32E-12
271,0,0.007385663,0.028435219,0.029859884,0.02437401,0.024702141,,0.469797829,1.12585296,0.008572361,3.33E-09,6.46E-12
272,0,0.007253472,0.028040121,0.029450584,0.024024181,0.024349699,,0.466394876,1.119098193,0.008411946,0.000000003,5.71E-12
273,0,0.00712408,0.027651873,0.029048312,0.023680573,0.024003496,,0.463028925,1.112408518,0.008254991,2.75E-09,5.04E-12
274,0,0.006997419,0.027270333,0.028652925,0.023343052,0.0236634,,0.45969944,1.105783072,0.008101411,2.49E-09,4.45E-12
275,0,0.006873423,0.026895362,0.028264281,0.023011491,0.023329283,,0.456405895,1.099221009,0.007951124,2.26E-09,3.93E-12
276,0,0.006752026,0.026526825,0.02788224,0.022685764,0.023001018,,0.453147774,1.092721494,0.00780405,2.05E-09,3.46E-12
277,0,0.006633167,0.026164589,0.02750667,0.022365748,0.022678484,,0.449924568,1.086283709,0.00766011,1.86E-09,3.06E-12
278,0,0.006516782,0.025808526,0.027137438,0.022051325,0.022361562,,0.446735781,1.079906846,0.00751923,1.69E-09,2.70E-12
279,0,0.006402814,0.025458509,0.026774415,0.021742378,0.022050135,,0.443580923,1.073590114,0.007381334,1.54E-09,2.38E-12
280,1,0.006291205,0.025114416,0.026417477,0.021438794,0.021744089,,0.440459512,1.067332733,0.007246352,1.39E-09,2.10E-12
